{"annotations":[],"baseURI":null,"id":"Projects(gtSkdFPGLEdd2vDaVBpJoL)","title":null,"associationLinks":[],"navigationLinks":[],"type":"OData.frs.Project","editLink":null,"mediaEditLinks":[],"operations":[],"properties":[{"annotations":[],"valueType":"PRIMITIVE","value":"gtSkdFPGLEdd2vDaVBpJoL","type":null,"name":"id","operations":[],"null":false,"primitive":true,"enum":false,"complex":false,"geospatial":false,"collection":false},{"annotations":[],"valueType":"PRIMITIVE","value":"Project_Alpha","type":null,"name":"name","operations":[],"null":false,"primitive":true,"enum":false,"complex":false,"geospatial":false,"collection":false},{"annotations":[],"valueType":"PRIMITIVE","value":"","type":null,"name":"description","operations":[],"null":false,"primitive":true,"enum":false,"complex":false,"geospatial":false,"collection":false},{"annotations":[],"valueType":"PRIMITIVE","value":"04R7611huEbiddBsoiwWeH","type":null,"name":"owner","operations":[],"null":false,"primitive":true,"enum":false,"complex":false,"geospatial":false,"collection":false},{"annotations":[],"valueType":"PRIMITIVE","value":"04R7611huEbiddBsoiwWeH","type":null,"name":"createdBy","operations":[],"null":false,"primitive":true,"enum":false,"complex":false,"geospatial":false,"collection":false},{"annotations":[],"valueType":"PRIMITIVE","value":"04R7611huEbiddBsoiwWeH","type":null,"name":"lastUpdatedBy","operations":[],"null":false,"primitive":true,"enum":false,"complex":false,"geospatial":false,"collection":false},{"annotations":[],"valueType":"PRIMITIVE","value":"04R7611huEbiddBsoiwWeH","type":null,"name":"lastAccessedBy","operations":[],"null":false,"primitive":true,"enum":false,"complex":false,"geospatial":false,"collection":false},{"annotations":[],"valueType":"PRIMITIVE","value":"2026-02-19T01:49:02.000Z","type":null,"name":"createdTime","operations":[],"null":false,"primitive":true,"enum":false,"complex":false,"geospatial":false,"collection":false},{"annotations":[],"valueType":"PRIMITIVE","value":"2026-02-19T01:49:02.000Z","type":null,"name":"lastUpdatedTime","operations":[],"null":false,"primitive":true,"enum":false,"complex":false,"geospatial":false,"collection":false},{"annotations":[],"valueType":"PRIMITIVE","value":"2026-02-19T02:03:10.000Z","type":null,"name":"lastAccessedTime","operations":[],"null":false,"primitive":true,"enum":false,"complex":false,"geospatial":false,"collection":false},{"annotations":[],"valueType":"PRIMITIVE","value":"2038-01-18T00:00:00.000Z","type":null,"name":"expiresBy","operations":[],"null":false,"primitive":true,"enum":false,"complex":false,"geospatial":false,"collection":false},{"annotations":[],"valueType":"PRIMITIVE","value":"Project","type":null,"name":"documentType","operations":[],"null":false,"primitive":true,"enum":false,"complex":false,"geospatial":false,"collection":false},{"annotations":[],"valueType":"PRIMITIVE","value":"Binary","type":null,"name":"contentType","operations":[],"null":false,"primitive":true,"enum":false,"complex":false,"geospatial":false,"collection":false},{"annotations":[],"valueType":"PRIMITIVE","value":"COMPLETE","type":null,"name":"documentState","operations":[],"null":false,"primitive":true,"enum":false,"complex":false,"geospatial":false,"collection":false},{"annotations":[],"valueType":"PRIMITIVE","value":"org","type":null,"name":"aclRule","operations":[],"null":false,"primitive":true,"enum":false,"complex":false,"geospatial":false,"collection":false},{"annotations":[],"valueType":"PRIMITIVE","value":1,"type":null,"name":"subcontainerCount","operations":[],"null":false,"primitive":true,"enum":false,"complex":false,"geospatial":false,"collection":false},{"annotations":[],"valueType":"COMPLEX","value":null,"type":null,"name":"customAttributes","operations":[],"null":true,"primitive":false,"enum":false,"complex":true,"geospatial":false,"collection":false},{"annotations":[],"valueType":"COMPLEX","value":null,"type":null,"name":"repoInfo","operations":[],"null":true,"primitive":false,"enum":false,"complex":true,"geospatial":false,"collection":false},{"annotations":[],"valueType":"COLLECTION_COMPLEX","value":[{"annotations":[],"baseURI":null,"id":null,"title":null,"associationLinks":[],"navigationLinks":[],"value":[{"annotations":[],"valueType":"PRIMITIVE","value":"7cCn5thwWFLhiZoSosphKL","type":null,"name":"parentId","operations":[],"null":false,"primitive":true,"enum":false,"complex":false,"geospatial":false,"collection":false},{"annotations":[],"valueType":"PRIMITIVE","value":"REG","type":null,"name":"parentName","operations":[],"null":false,"primitive":true,"enum":false,"complex":false,"geospatial":false,"collection":false},{"annotations":[],"valueType":"PRIMITIVE","value":"Space","type":null,"name":"parentType","operations":[],"null":false,"primitive":true,"enum":false,"complex":false,"geospatial":false,"collection":false}],"typeName":null,"navigationBindings":[]}],"type":null,"name":"parentInfo","operations":[],"null":false,"primitive":false,"enum":false,"complex":true,"geospatial":false,"collection":true}],"mediaContentSource":null,"mediaContentType":null,"mediaETag":null,"etag":null,"selfLink":null,"mediaEntity":false,"navigationBindings":[]}