{
  "name" : "Manual-Export",
  "sourceOrgId" : "45P6ZuHfISxb8nUkBpgw4d",
  "sourceOrgName" : "My_Dev_Lab",
  "exportedObjects" : [ {
    "objectGuid" : "54JU1t0y0U2l536BOMMsoR",
    "objectName" : "Default",
    "objectType" : "Project",
    "path" : "/Explore",
    "providerName" : null,
    "metadata" : {
      "modelVersion" : {
        "major" : 0,
        "minor" : 0
      },
      "repoInfo" : null,
      "objectRefs" : [ ],
      "contextAttributes" : [ {
        "name" : "IS_DEF_LOC",
        "value" : "true"
      } ],
      "additionalInfo" : {
        "description" : "Auto-generated Default Project",
        "contentType" : null,
        "documentState" : "COMPLETE"
      }
    }
  }, {
    "objectGuid" : "jz0JIGpPMY4demYQWxLgI0",
    "objectName" : "m_Test_Migration",
    "objectType" : "DTEMPLATE",
    "path" : "/Explore/Default",
    "providerName" : null,
    "metadata" : {
      "modelVersion" : {
        "major" : 0,
        "minor" : 0
      },
      "repoInfo" : {
        "repoHandle" : "0137LA17000000000008"
      },
      "objectRefs" : [ "d0AzyiJFHsJjeex3k7h2GY" ],
      "contextAttributes" : [ {
        "name" : "id",
        "value" : "@1"
      } ],
      "additionalInfo" : {
        "description" : "",
        "contentType" : "JSON",
        "documentState" : "VALID"
      }
    }
  }, {
    "objectGuid" : "aw6mnWAFYpSlh3bswK5d4h",
    "objectName" : "Dev_Work",
    "objectType" : "Folder",
    "path" : "/Explore/Project_Alpha",
    "providerName" : null,
    "metadata" : {
      "modelVersion" : {
        "major" : 0,
        "minor" : 0
      },
      "repoInfo" : null,
      "objectRefs" : [ ],
      "contextAttributes" : [ ],
      "additionalInfo" : {
        "description" : "",
        "contentType" : "Binary",
        "documentState" : "COMPLETE"
      }
    }
  }, {
    "objectGuid" : "kqEtPym6tk1gzZ8aqPaBEC",
    "objectName" : "mt_Test_Migration",
    "objectType" : "MTT",
    "path" : "/Explore/Project_Alpha/Dev_Work",
    "providerName" : null,
    "metadata" : {
      "modelVersion" : {
        "major" : 0,
        "minor" : 0
      },
      "repoInfo" : {
        "repoHandle" : "0137LA0Z000000000002"
      },
      "objectRefs" : [ "jz0JIGpPMY4demYQWxLgI0", "d0AzyiJFHsJjeex3k7h2GY", "4eu6pr012mmc68TIhNYnIN" ],
      "contextAttributes" : [ {
        "name" : "id",
        "value" : "@1"
      } ],
      "additionalInfo" : {
        "description" : null,
        "contentType" : "JSON",
        "documentState" : "VALID"
      }
    }
  }, {
    "objectGuid" : "d0AzyiJFHsJjeex3k7h2GY",
    "objectName" : "Sample Salesforce Connection",
    "objectType" : "Connection",
    "path" : "/SYS",
    "providerName" : null,
    "metadata" : {
      "modelVersion" : {
        "major" : 0,
        "minor" : 0
      },
      "repoInfo" : {
        "repoHandle" : "0137LA0B000000000005"
      },
      "objectRefs" : [ "4eu6pr012mmc68TIhNYnIN" ],
      "contextAttributes" : [ {
        "name" : "id",
        "value" : "@1"
      } ],
      "additionalInfo" : {
        "description" : null,
        "contentType" : "JSON",
        "documentState" : "COMPLETE"
      }
    }
  }, {
    "objectGuid" : "4eu6pr012mmc68TIhNYnIN",
    "objectName" : "Informatica Cloud Hosted Agent",
    "objectType" : "AgentGroup",
    "path" : "/SYS",
    "providerName" : null,
    "metadata" : {
      "modelVersion" : {
        "major" : 0,
        "minor" : 0
      },
      "repoInfo" : {
        "repoHandle" : "025000000000002"
      },
      "objectRefs" : [ ],
      "contextAttributes" : null,
      "additionalInfo" : {
        "description" : "",
        "contentType" : "JSON",
        "documentState" : "VALID"
      }
    }
  }, {
    "objectGuid" : "gtSkdFPGLEdd2vDaVBpJoL",
    "objectName" : "Project_Alpha",
    "objectType" : "Project",
    "path" : "/Explore",
    "providerName" : null,
    "metadata" : {
      "modelVersion" : {
        "major" : 0,
        "minor" : 0
      },
      "repoInfo" : null,
      "objectRefs" : [ ],
      "contextAttributes" : [ ],
      "additionalInfo" : {
        "description" : "",
        "contentType" : "Binary",
        "documentState" : "COMPLETE"
      }
    }
  } ]
}